[{"pk": 1, "model": "catalog.parametr", "fields": {"values": "40\r\n42\r\n44\r\n46\r\n48\r\n50", "name": "\u0420\u0430\u0437\u043c\u0435\u0440 \u043e\u0434\u0435\u0436\u0434\u044b"}}, {"pk": 2, "model": "catalog.parametr", "fields": {"values": "", "name": "\u0426\u0432\u0435\u0442"}}, {"pk": 3, "model": "catalog.parametr", "fields": {"values": "\u0436\u0435\u043d\u0441\u043a\u0438\u0439\r\n\u043c\u0443\u0436\u0441\u043a\u043e\u0439", "name": "\u043f\u043e\u043b"}}, {"pk": 4, "model": "catalog.parametr", "fields": {"values": "", "name": "\u0435\u0449\u0451 \u043f\u0430\u0440\u0430\u043c\u0435\u0442\u0440"}}, {"pk": 4, "model": "catalog.category", "fields": {"rght": 2, "name": "\u041a\u043d\u0438\u0433\u0438", "parent": null, "level": 0, "order": 2, "lft": 1, "parametrs": [3, 4], "tree_id": 1, "slug": "knigi"}}, {"pk": 5, "model": "catalog.category", "fields": {"rght": 2, "name": "\u041b\u043e\u0434\u043a\u0438", "parent": null, "level": 0, "order": 5, "lft": 1, "parametrs": [1], "tree_id": 2, "slug": "lodki"}}, {"pk": 15, "model": "catalog.category", "fields": {"rght": 2, "name": "\u041e\u0431\u0443\u0432\u044c", "parent": null, "level": 0, "order": 15, "lft": 1, "parametrs": [2, 3, 4], "tree_id": 3, "slug": "obuv"}}, {"pk": 14, "model": "catalog.category", "fields": {"rght": 8, "name": "\u041e\u0434\u0435\u0436\u0434\u0430", "parent": null, "level": 0, "order": 14, "lft": 1, "parametrs": [], "tree_id": 4, "slug": "odezhda"}}, {"pk": 16, "model": "catalog.category", "fields": {"rght": 3, "name": "\u041e\u0434\u0435\u0436\u0434\u0430 1", "parent": 14, "level": 1, "order": 16, "lft": 2, "parametrs": [1], "tree_id": 4, "slug": "odezhda-1"}}, {"pk": 17, "model": "catalog.category", "fields": {"rght": 5, "name": "\u041e\u0434\u0435\u0436\u0434\u0430 2", "parent": 14, "level": 1, "order": 17, "lft": 4, "parametrs": [1, 2, 3], "tree_id": 4, "slug": "odezhda-2"}}, {"pk": 18, "model": "catalog.category", "fields": {"rght": 7, "name": "\u041e\u0434\u0435\u0436\u0434\u0430 3", "parent": 14, "level": 1, "order": 18, "lft": 6, "parametrs": [], "tree_id": 4, "slug": "odezhda-3"}}, {"pk": 6, "model": "catalog.category", "fields": {"rght": 10, "name": "\u041e\u0440\u0443\u0436\u0438\u0435", "parent": null, "level": 0, "order": 6, "lft": 1, "parametrs": [], "tree_id": 5, "slug": "oruzhie"}}, {"pk": 12, "model": "catalog.category", "fields": {"rght": 3, "name": "\u0417\u0430\u043f\u0447\u0430\u0441\u0442\u0438 \u0438 \u0442\u044e\u043d\u0438\u043d\u0433 \u043e\u0440\u0443\u0436\u0438\u044f", "parent": 6, "level": 1, "order": 12, "lft": 2, "parametrs": [], "tree_id": 5, "slug": "zapchasti-i-tyuning-oruzhiya"}}, {"pk": 13, "model": "catalog.category", "fields": {"rght": 5, "name": "\u041f\u0430\u0442\u0440\u043e\u043d\u044b, \u0433\u0438\u043b\u044c\u0437\u044b, \u043f\u0443\u043b\u0438", "parent": 6, "level": 1, "order": 13, "lft": 4, "parametrs": [1, 2, 3, 4], "tree_id": 5, "slug": "patronyi-gilzyi-puli"}}, {"pk": 9, "model": "catalog.category", "fields": {"rght": 7, "name": "\u041f\u043d\u0435\u0432\u043c\u0430\u0442\u0438\u043a\u0430", "parent": 6, "level": 1, "order": 9, "lft": 6, "parametrs": [3], "tree_id": 5, "slug": "pnevmatika"}}, {"pk": 10, "model": "catalog.category", "fields": {"rght": 9, "name": "\u0422\u0440\u0430\u0432\u043c\u0430\u0442\u0438\u043a\u0430", "parent": 6, "level": 1, "order": 10, "lft": 8, "parametrs": [1], "tree_id": 5, "slug": "travmatika"}}, {"pk": 3, "model": "catalog.category", "fields": {"rght": 2, "name": "\u0421\u0443\u0432\u0435\u043d\u0438\u0440\u044b \u0438 \u043f\u043e\u0434\u0430\u0440\u043a\u0438", "parent": null, "level": 0, "order": 3, "lft": 1, "parametrs": [], "tree_id": 6, "slug": "suveniryi-i-podarki"}}, {"pk": 2, "model": "catalog.category", "fields": {"rght": 8, "name": "\u0422\u043e\u0432\u0430\u0440\u044b \u0434\u043b\u044f \u043e\u0445\u043e\u0442\u044b", "parent": null, "level": 0, "order": 6, "lft": 1, "parametrs": [2], "tree_id": 7, "slug": "tovaryi-dlya-ohotyi"}}, {"pk": 8, "model": "catalog.category", "fields": {"rght": 3, "name": "\u0410\u0440\u0431\u0430\u043b\u0435\u0442\u044b, \u043b\u0443\u043a\u0438, \u0440\u0430\u0433\u0430\u0442\u043a\u0438", "parent": 2, "level": 1, "order": 8, "lft": 2, "parametrs": [4], "tree_id": 7, "slug": "arbaletyi-luki-ragatki"}}, {"pk": 11, "model": "catalog.category", "fields": {"rght": 5, "name": "\u0417\u0430\u0441\u0438\u0434\u043a\u0438, \u043c\u0430\u0441\u043a\u0438\u0440\u043e\u0432\u043e\u0447\u043d\u044b\u0435 \u0441\u0435\u0442\u0438", "parent": 2, "level": 1, "order": 11, "lft": 4, "parametrs": [], "tree_id": 7, "slug": "zasidki-maskirovochnyie-seti"}}, {"pk": 7, "model": "catalog.category", "fields": {"rght": 7, "name": "\u041a\u0430\u043f\u043a\u0430\u043d\u044b, \u0441\u0430\u043c\u043e\u043b\u043e\u0432\u044b, \u043a\u0440\u043e\u0442\u043e\u043b\u043e\u0432\u043a\u0438", "parent": 2, "level": 1, "order": 7, "lft": 6, "parametrs": [3], "tree_id": 7, "slug": "kapkanyi-samolovyi-krotolovki"}}, {"pk": 1, "model": "catalog.category", "fields": {"rght": 2, "name": "\u0422\u043e\u0432\u0430\u0440\u044b \u0434\u043b\u044f \u0440\u044b\u0431\u0430\u043b\u043a\u0438", "parent": null, "level": 0, "order": 1, "lft": 1, "parametrs": [1, 2], "tree_id": 8, "slug": "tovaryi-dlya-ryibalki"}}, {"pk": 1, "model": "catalog.item", "fields": {"category": 1, "art": "\u0430\u0430\u0430\u0430\u0430", "name": "\u0444\u044b\u0432\u0430", "price": 34.0, "at_home": false, "slug": "aaaaa", "date": "2014-05-12T18:56:23", "order": null, "description": "<p>Gletcher APS \u043a\u043e\u043f\u0438\u0440\u0443\u0435\u0442 \u0438\u0437\u0432\u0435\u0441\u0442\u043d\u043e\u0435 \u043e\u0440\u0443\u0436\u0438\u0435 \u0430\u0432\u0442\u043e\u043c\u0430\u0442\u0438\u0447\u0435\u0441\u043a\u0438\u0439 \u043f\u0438\u0441\u0442\u043e\u043b\u0435\u0442 \u0421\u0442\u0435\u0447\u043a\u0438\u043d\u0430 (\u0410\u041f\u0421)Gletcher APS \u043a\u043e\u043f\u0438\u0440\u0443\u0435\u0442 \u0438\u0437\u0432\u0435\u0441\u0442\u043d\u043e\u0435 \u043e\u0440\u0443\u0436\u0438\u0435 \u0430\u0432\u0442\u043e\u043c\u0430\u0442\u0438\u0447\u0435\u0441\u043a\u0438\u0439 \u043f\u0438\u0441\u0442\u043e\u043b\u0435\u0442 \u0421\u0442\u0435\u0447\u043a\u0438\u043d\u0430 (\u0410\u041f\u0421)Gletcher APS \u043a\u043e\u043f\u0438\u0440\u0443\u0435\u0442 \u0438\u0437\u0432\u0435\u0441\u0442\u043d\u043e\u0435 \u043e\u0440\u0443\u0436\u0438\u0435 \u0430\u0432\u0442\u043e\u043c\u0430\u0442\u0438\u0447\u0435\u0441\u043a\u0438\u0439 \u043f\u0438\u0441\u0442\u043e\u043b\u0435\u0442 \u0421\u0442\u0435\u0447\u043a\u0438\u043d\u0430 (\u0410\u041f\u0421)Gletcher APS \u043a\u043e\u043f\u0438\u0440\u0443\u0435\u0442 \u0438\u0437\u0432\u0435\u0441\u0442\u043d\u043e\u0435 \u043e\u0440\u0443\u0436\u0438\u0435 \u0430\u0432\u0442\u043e\u043c\u0430\u0442\u0438\u0447\u0435\u0441\u043a\u0438\u0439 \u043f\u0438\u0441\u0442\u043e\u043b\u0435\u0442 \u0421\u0442\u0435\u0447\u043a\u0438\u043d\u0430 (\u0410\u041f\u0421)</p>\r\n"}}, {"pk": 2, "model": "catalog.item", "fields": {"category": 1, "art": "76677", "name": "\u0422\u043e\u0432\u0430\u0440", "price": 3533.0, "at_home": true, "slug": "76677", "date": "2014-05-13T14:29:02", "order": null, "description": "<p style=\"margin: 1em 0px; padding: 0px; color: rgb(102, 102, 102); font-family: 'Helvetica Neue', Helvetica, Arial, sans-serif; font-size: 12px; line-height: 17.02400016784668px;\">This snippet is really useful. Thanks for sharing.</p>\r\n\r\n<p style=\"margin: 1em 0px; padding: 0px; color: rgb(102, 102, 102); font-family: 'Helvetica Neue', Helvetica, Arial, sans-serif; font-size: 12px; line-height: 17.02400016784668px;\">One word of warning. If you pass a queryset to&nbsp;<code style=\"margin: 0px; padding: 0px;\">list_to_columns</code>, a large number of SQL queries will be executed. To reduce the number of queries to one you could force the evaluation of the queryset prior to splitting the list:</p>\r\n\r\n<pre style=\"margin-top: 0px; margin-bottom: 0px; padding: 0px; color: rgb(102, 102, 102);\">\r\n<code style=\"margin: 0px; padding: 0px;\">def split_seq(self, list, cols=2):\r\n    start = 0\r\n    tmplist=tuple(list)  \r\n    for i in xrange(cols): \r\n        stop = start + len(tmplist[i::cols]) \r\n        yield list[start:stop] \r\n        start = stop\r\n</code></pre>\r\n\r\n<p style=\"margin: 1em 0px; padding: 0px; color: rgb(102, 102, 102); font-family: 'Helvetica Neue', Helvetica, Arial, sans-serif; font-size: 12px; line-height: 17.02400016784668px;\">Not sure if this is the best approach, but it reduces the number of queries.</p>\r\n\r\n<p style=\"margin: 1em 0px; padding: 0px; color: rgb(102, 102, 102); font-family: 'Helvetica Neue', Helvetica, Arial, sans-serif; font-size: 12px; line-height: 17.02400016784668px;\"><a href=\"https://djangosnippets.org/comments/cr/15/889/#c1368\" style=\"margin: 0px; padding: 0px; color: rgb(146, 196, 71);\">#</a></p>\r\n"}}, {"pk": 3, "model": "catalog.item", "fields": {"category": 1, "art": "343", "name": "\u0432\u0430\u0447\u0447\u044b\u0432\u0430", "price": 5345.0, "at_home": false, "slug": "343", "date": "2014-05-13T14:30:09", "order": null, "description": "<p>This snippet is really useful. Thanks for sharing. One word of warning. If you pass a queryset to list_to_columns, a large number of SQL queries will be executed. To reduce the number of queries to one you could force the evaluation of the queryset prior to splitting the list: def split_seq(self, list, cols=2): start = 0 tmplist=tuple(list) for i in xrange(cols): stop = start + len(tmplist[i::cols]) yield list[start:stop] start = stop Not sure if this is the best approach, but it reduces the number of queries. #</p>\r\n"}}, {"pk": 4, "model": "catalog.item", "fields": {"category": 1, "art": "987982334", "name": "\u0435\u0449\u0435 \u0442\u043e\u0432\u0430\u0440", "price": 880.0, "at_home": false, "slug": "987982334", "date": "2014-05-13T14:31:33", "order": null, "description": "<table style=\"margin: 0px; padding: 0px; border: 0px; vertical-align: baseline; border-collapse: collapse; border-spacing: 0px; width: 660px; color: rgb(68, 68, 68); font-family: Arial, 'Liberation Sans', 'DejaVu Sans', sans-serif; line-height: 17.280000686645508px;\">\r\n\t<tbody data-addlink-disabled=\"true\" data-addlink-html=\"add comment\" data-remaining-comments-count=\"0\" style=\"margin: 0px; padding: 0px; border: 0px; vertical-align: baseline; background-color: transparent;\">\r\n\t\t<tr class=\"comment\" id=\"comment-26235234\" style=\"margin: 0px; padding: 0px; border: 0px; vertical-align: baseline; background-color: transparent;\">\r\n\t\t\t<td class=\"comment-text\" style=\"margin: 0px; padding: 5px 6px 5px 7px; border-width: 0px 0px 1px; border-bottom-style: dotted; border-bottom-color: rgb(221, 221, 221); vertical-align: text-top; background-color: transparent;\">\r\n\t\t\t<div class=\"comment-body\" style=\"margin: 0px; padding: 0px; border: 0px; vertical-align: baseline; background-color: transparent;\"><span class=\"comment-copy\" style=\"margin: 0px; padding: 0px; border: 0px; vertical-align: baseline; background-color: transparent;\">I was about to say something similar (in regards to it being the more Django way to do it being in the view), but on the other hand, isn&#39;t that really display logic? Which Django says&nbsp;<i style=\"margin: 0px; padding: 0px; border: 0px; vertical-align: baseline; background-color: transparent;\">should</i>&nbsp;be done in the template.</span>&nbsp;&ndash;&nbsp;<a class=\"comment-user\" href=\"http://stackoverflow.com/users/2457351/daniel-rosenthal\" style=\"margin: 0px; padding: 0px; border: 0px; vertical-align: baseline; background-color: transparent; color: rgb(74, 107, 130); text-decoration: none; cursor: pointer; white-space: nowrap;\" title=\"815 reputation\">Daniel Rosenthal</a>&nbsp;<span class=\"comment-date\" dir=\"ltr\" style=\"margin: 0px; padding: 0px; border-top-width: 0px; border-right-width: 0px; border-left-width: 0px; border-bottom-style: none; vertical-align: baseline; background-color: transparent; color: rgb(153, 153, 153);\"><a class=\"comment-link\" href=\"http://stackoverflow.com/questions/17951452/splitting-a-list-with-django-template-tags#comment26235234_17951671\" style=\"margin: 0px; padding: 0px; border-top-width: 0px; border-right-width: 0px; border-left-width: 0px; border-bottom-style: none; vertical-align: baseline; background-color: transparent; color: rgb(153, 153, 153); text-decoration: none; cursor: pointer;\"><span class=\"relativetime-clean\" style=\"margin: 0px; padding: 0px; border: 0px; vertical-align: baseline; background-color: transparent;\" title=\"2013-07-30 15:54:54Z\">Jul 30 &#39;13 at 15:54</span></a></span></div>\r\n\t\t\t</td>\r\n\t\t</tr>\r\n\t\t<tr class=\"comment\" id=\"comment-26236265\" style=\"margin: 0px; padding: 0px; border: 0px; vertical-align: baseline; background-color: transparent;\">\r\n\t\t\t<td class=\"comment-actions\" style=\"margin: 0px; padding: 5px 0px 5px 3px; border-width: 0px 0px 1px; border-bottom-style: dotted; border-bottom-color: rgb(221, 221, 221); vertical-align: baseline; background-color: transparent; width: 15px;\">\r\n\t\t\t<table style=\"margin: 0px; padding: 0px; border: 0px; vertical-align: baseline; background-color: transparent; border-collapse: collapse; border-spacing: 0px;\">\r\n\t\t\t\t<tbody style=\"margin: 0px; padding: 0px; border: 0px; vertical-align: baseline; background-color: transparent;\">\r\n\t\t\t\t\t<tr style=\"margin: 0px; padding: 0px; border: 0px; vertical-align: baseline; background-color: transparent;\">\r\n\t\t\t\t\t\t<td class=\"comment-score\" style=\"margin: 0px; padding: 0px; border: 0px; vertical-align: baseline; background-color: transparent;\"><span class=\"cool\" style=\"margin: 0px; padding: 0px 2px 0px 0px; border: 0px; font-size: 14px; vertical-align: baseline; background-color: transparent; color: rgb(102, 102, 102); font-weight: bold; background-position: initial initial; background-repeat: initial initial;\" title=\"number of 'useful comment' votes received\">1</span></td>\r\n\t\t\t\t\t\t<td style=\"margin: 0px; padding: 0px; border: 0px; vertical-align: baseline; background-color: transparent;\">&nbsp;</td>\r\n\t\t\t\t\t</tr>\r\n\t\t\t\t</tbody>\r\n\t\t\t</table>\r\n\t\t\t</td>\r\n\t\t\t<td class=\"comment-text\" style=\"margin: 0px; padding: 5px 6px 5px 7px; border-width: 0px 0px 1px; border-bottom-style: dotted; border-bottom-color: rgb(221, 221, 221); vertical-align: text-top; background-color: transparent;\">\r\n\t\t\t<div class=\"comment-body\" style=\"margin: 0px; padding: 0px; border: 0px; vertical-align: baseline; background-color: transparent;\"><span class=\"comment-copy\" style=\"margin: 0px; padding: 0px; border: 0px; vertical-align: baseline; background-color: transparent;\">Good point. I&#39;ve always tried to keep as much logic out of the template regardless if it is display or not. You&#39;re given far more power, the template is just so restricting.</span>&nbsp;&ndash;&nbsp;&nbsp;<a class=\"comment-user\" href=\"http://stackoverflow.com/users/2386723/jckelley\" style=\"margin: 0px; padding: 0px; border: 0px; vertical-align: baseline; background-color: transparent; color: rgb(74, 107, 130); text-decoration: none; cursor: pointer; white-space: nowrap;\" title=\"1046 reputation\">JcKelley</a>&nbsp;<span class=\"comment-date\" dir=\"ltr\" style=\"margin: 0px; padding: 0px; border-top-width: 0px; border-right-width: 0px; border-left-width: 0px; border-bottom-style: none; vertical-align: baseline; background-color: transparent; color: rgb(153, 153, 153);\"><a class=\"comment-link\" href=\"http://stackoverflow.com/questions/17951452/splitting-a-list-with-django-template-tags#comment26236265_17951671\" style=\"margin: 0px; padding: 0px; border-top-width: 0px; border-right-width: 0px; border-left-width: 0px; border-bottom-style: none; vertical-align: baseline; background-color: transparent; color: rgb(153, 153, 153); text-decoration: none; cursor: pointer;\"><span class=\"relativetime-clean\" style=\"margin: 0px; padding: 0px; border: 0px; vertical-align: baseline; background-color: transparent;\" title=\"2013-07-30 16:22:39Z\">Jul 30 &#39;13 at 16:22</span></a></span></div>\r\n\t\t\t</td>\r\n\t\t</tr>\r\n\t\t<tr class=\"comment\" id=\"comment-26236575\" style=\"margin: 0px; padding: 0px; border: 0px; vertical-align: baseline; background-color: transparent;\">\r\n\t\t\t<td class=\"comment-actions\" style=\"margin: 0px; padding: 5px 0px 5px 3px; border-width: 0px 0px 1px; border-bottom-style: dotted; border-bottom-color: rgb(221, 221, 221); vertical-align: baseline; background-color: transparent; width: 15px;\">\r\n\t\t\t<table style=\"margin: 0px; padding: 0px; border: 0px; vertical-align: baseline; background-color: transparent; border-collapse: collapse; border-spacing: 0px;\">\r\n\t\t\t\t<tbody style=\"margin: 0px; padding: 0px; border: 0px; vertical-align: baseline; background-color: transparent;\">\r\n\t\t\t\t\t<tr style=\"margin: 0px; padding: 0px; border: 0px; vertical-align: baseline; background-color: transparent;\">\r\n\t\t\t\t\t\t<td class=\"comment-score\" style=\"margin: 0px; padding: 0px; border: 0px; vertical-align: baseline; background-color: transparent;\"><span class=\"cool\" style=\"margin: 0px; padding: 0px 2px 0px 0px; border: 0px; font-size: 14px; vertical-align: baseline; background-color: transparent; color: rgb(102, 102, 102); font-weight: bold; background-position: initial initial; background-repeat: initial initial;\" title=\"number of 'useful comment' votes received\">1</span></td>\r\n\t\t\t\t\t\t<td style=\"margin: 0px; padding: 0px; border: 0px; vertical-align: baseline; background-color: transparent;\">&nbsp;</td>\r\n\t\t\t\t\t</tr>\r\n\t\t\t\t</tbody>\r\n\t\t\t</table>\r\n\t\t\t</td>\r\n\t\t\t<td class=\"comment-text\" style=\"margin: 0px; padding: 5px 6px 5px 7px; border-width: 0px 0px 1px; border-bottom-style: dotted; border-bottom-color: rgb(221, 221, 221); vertical-align: text-top; background-color: transparent;\">\r\n\t\t\t<div class=\"comment-body\" style=\"margin: 0px; padding: 0px; border: 0px; vertical-align: baseline; background-color: transparent;\"><span class=\"comment-copy\" style=\"margin: 0px; padding: 0px; border: 0px; vertical-align: baseline; background-color: transparent;\">It totally is, it&#39;d be much easier to do it in the view. It&#39;s too bad, really, that the template language is so limiting. Sometimes display logic does require actual logic.</span>&nbsp;&ndash;&nbsp;&nbsp;<a class=\"comment-user\" href=\"http://stackoverflow.com/users/2457351/daniel-rosenthal\" style=\"margin: 0px; padding: 0px; border: 0px; vertical-align: baseline; background-color: transparent; color: rgb(74, 107, 130); text-decoration: none; cursor: pointer; white-space: nowrap;\" title=\"815 reputation\">Daniel Rosenthal</a>&nbsp;<span class=\"comment-date\" dir=\"ltr\" style=\"margin: 0px; padding: 0px; border-top-width: 0px; border-right-width: 0px; border-left-width: 0px; border-bottom-style: none; vertical-align: baseline; background-color: transparent; color: rgb(153, 153, 153);\"><a class=\"comment-link\" href=\"http://stackoverflow.com/questions/17951452/splitting-a-list-with-django-template-tags#comment26236575_17951671\" style=\"margin: 0px; padding: 0px; border-top-width: 0px; border-right-width: 0px; border-left-width: 0px; border-bottom-style: none; vertical-align: baseline; background-color: transparent; color: rgb(153, 153, 153); text-decoration: none; cursor: pointer;\"><span class=\"relativetime-clean\" style=\"margin: 0px; padding: 0px; border: 0px; vertical-align: baseline; background-color: transparent;\" title=\"2013-07-30 16:31:17Z\">Jul 30 &#39;13 at 16:31</span></a></span></div>\r\n\t\t\t</td>\r\n\t\t</tr>\r\n\t</tbody>\r\n</table>\r\n"}}, {"pk": 1, "model": "catalog.image", "fields": {"item": 1, "image": "uploads/items/item2.jpg", "order": 100}}, {"pk": 2, "model": "catalog.image", "fields": {"item": 1, "image": "uploads/items/item1.jpg", "order": 100}}, {"pk": 3, "model": "catalog.image", "fields": {"item": 1, "image": "uploads/items/item4.jpg", "order": 100}}, {"pk": 4, "model": "catalog.image", "fields": {"item": 2, "image": "uploads/items/item1_1.jpg", "order": 100}}, {"pk": 5, "model": "catalog.image", "fields": {"item": 2, "image": "uploads/items/item4_1.jpg", "order": 100}}, {"pk": 6, "model": "catalog.image", "fields": {"item": 3, "image": "uploads/items/item4_2.jpg", "order": 100}}, {"pk": 7, "model": "catalog.image", "fields": {"item": 3, "image": "uploads/items/item3.jpg", "order": 100}}, {"pk": 8, "model": "catalog.image", "fields": {"item": 4, "image": "uploads/items/item3_1.jpg", "order": 100}}, {"pk": 1, "model": "catalog.parametrvalue", "fields": {"item": 1, "parametr": 1, "value": "42"}}, {"pk": 2, "model": "catalog.parametrvalue", "fields": {"item": 1, "parametr": 2, "value": "asdf"}}, {"pk": 3, "model": "catalog.parametrvalue", "fields": {"item": 1, "parametr": 3, "value": "\u041c\u0443\u0436\u0441\u043a\u043e\u0439"}}, {"pk": 4, "model": "catalog.parametrvalue", "fields": {"item": 1, "parametr": 4, "value": "\u0435\u0449\u0451 \u0437\u043d\u0430\u0447\u0435\u043d\u0438\u0435"}}, {"pk": 5, "model": "catalog.parametrvalue", "fields": {"item": 2, "parametr": 1, "value": "44"}}, {"pk": 6, "model": "catalog.parametrvalue", "fields": {"item": 2, "parametr": 3, "value": "\u041c\u0443\u0436\u0441\u043a\u043e\u0439"}}, {"pk": 7, "model": "catalog.parametrvalue", "fields": {"item": 3, "parametr": 1, "value": "42"}}, {"pk": 8, "model": "catalog.parametrvalue", "fields": {"item": 3, "parametr": 2, "value": "34\u044b\u0432\u0430"}}]